{
  "test_mae": 0.053533874452114105,
  "test_rmse": 0.06315270066261292,
  "test_mse": 0.003988263662904501,
  "tail_mae": 0.06916205585002899,
  "tail_rmse": 0.08358301222324371,
  "tail_mse": 0.0069861202500760555,
  "pred_eol_epoch": 341,
  "pred_eol_reached": true,
  "eol_threshold": 0.98
}