{
  "test_mae": 0.053862862288951874,
  "test_rmse": 0.064054474234581,
  "test_mse": 0.004102975595742464
}