{
  "test_mae": 0.05878113582730293,
  "test_rmse": 0.07154697924852371,
  "test_mse": 0.005118969827890396,
  "tail_mae": 0.12707330286502838,
  "tail_rmse": 0.14572525024414062,
  "tail_mse": 0.02123584970831871,
  "pred_eol_epoch": 295,
  "pred_eol_reached": true,
  "eol_threshold": 0.98
}