{
  "test_mae": 0.05579649657011032,
  "test_rmse": 0.06645393371582031,
  "test_mse": 0.004416125360876322,
  "tail_mae": 0.06271935254335403,
  "tail_rmse": 0.07918508350849152,
  "tail_mse": 0.006270277313888073,
  "pred_eol_epoch": 327,
  "pred_eol_reached": true,
  "eol_threshold": 0.98
}