{
  "test_mae": 0.05388990044593811,
  "test_rmse": 0.0633893832564354,
  "test_mse": 0.00401821406558156,
  "tail_mae": 0.05957421660423279,
  "tail_rmse": 0.07494589686393738,
  "tail_mse": 0.005616887006908655,
  "pred_eol_epoch": 352,
  "pred_eol_reached": true,
  "eol_threshold": 0.98
}